,label,area_px,perimeter_px,circularity,centroid_x,centroid_y,bbox_x,bbox_y,bbox_w,bbox_h,luminance
0,3,10.0,11.656854152679443,0.9247985466222428,1740.5,162.0,1739,160,4,5,10.28099173553719
1,2,553.5,88.6690468788147,0.8846742955108189,261.24131944444446,172.72916666666666,247,159,29,27,18.669421487603305
2,5,466.5,82.32590126991272,0.8649450634230568,316.32704402515725,175.61006289308176,304,162,26,28,17.264462809917354
3,4,687.5,97.84061932563782,0.9024937029178244,211.49658002735976,178.3419972640219,197,163,30,30,17.446280991735538
4,9,13.5,13.899494767189026,0.8781032888825036,1731.15,230.7,1729,228,5,6,11.702479338842975
5,7,509.0,85.25483322143555,0.880014094683403,318.7808219178082,232.54207436399216,305,220,28,26,18.305785123966942
6,6,562.0,90.08326005935668,0.8702779705073653,265.2859589041096,233.72431506849315,251,220,29,28,20.214876033057852
7,8,633.0,94.9116871356964,0.8830274150991505,216.29970326409492,239.1394658753709,202,223,29,31,16.40495867768595
